{
  "com.liferay.client.extension.type.configuration.CETConfiguration~react-redux-todo-mvc" : {
    ":configurator:policy" : "force",
    "baseURL" : "${portalURL}/o/react-redux",
    "buildTimestamp" : 1731001562236,
    "description" : "",
    "dxp.lxc.liferay.com.virtualInstanceId" : "default",
    "name" : "React Redux TODO MVC",
    "projectId" : "reactredux",
    "projectName" : "react-redux",
    "properties" : [ ],
    "sourceCodeURL" : "",
    "type" : "customElement",
    "typeSettings" : [ "friendlyURLMapping=react-redux-todo-mvc", "instanceable=false", "urls=app.bundle.js", "useESM=true", "htmlElementName=react-redux-todo-mvc", "cssURLs=app.css", "portletCategoryName=category.client-extensions" ],
    "webContextPath" : "/react-redux"
  }
}