{
  "com.liferay.client.extension.type.configuration.CETConfiguration~todo-app" : {
    ":configurator:policy" : "force",
    "baseURL" : "${portalURL}/o/web-components",
    "buildTimestamp" : 1731085086239,
    "description" : "",
    "dxp.lxc.liferay.com.virtualInstanceId" : "default",
    "name" : "Web Components TODO MVC",
    "projectId" : "webcomponents",
    "projectName" : "web-components",
    "properties" : [ ],
    "sourceCodeURL" : "",
    "type" : "customElement",
    "typeSettings" : [ "friendlyURLMapping=todo-app", "instanceable=false", "urls=todo-app.bundle.js", "useESM=true", "htmlElementName=todo-app", "cssURLs=styles/todo-app-styles.css\nstyles/todo-common-base.css", "portletCategoryName=category.client-extensions" ],
    "webContextPath" : "/web-components"
  }
}