{
  "com.liferay.client.extension.type.configuration.CETConfiguration~angular-todo-mvc" : {
    ":configurator:policy" : "force",
    "baseURL" : "${portalURL}/o/angular",
    "buildTimestamp" : 1730520399038,
    "description" : "",
    "dxp.lxc.liferay.com.virtualInstanceId" : "default",
    "name" : "Angular TODO MVC",
    "projectId" : "angular",
    "projectName" : "angular",
    "properties" : [ ],
    "sourceCodeURL" : "",
    "type" : "customElement",
    "typeSettings" : [ "friendlyURLMapping=angular-todo-mvc", "instanceable=false", "urls=polyfills.js\nscripts.js\nmain.js", "useESM=true", "htmlElementName=angular-todo-mvc", "cssURLs=styles.css", "portletCategoryName=category.client-extensions" ],
    "webContextPath" : "/angular"
  }
}