{
  "com.liferay.client.extension.type.configuration.CETConfiguration~vue-todo-mvc" : {
    ":configurator:policy" : "force",
    "baseURL" : "${portalURL}/o/vue",
    "buildTimestamp" : 1731079430484,
    "description" : "",
    "dxp.lxc.liferay.com.virtualInstanceId" : "default",
    "name" : "Vue.js TODO MVC",
    "projectId" : "vue",
    "projectName" : "vue",
    "properties" : [ ],
    "sourceCodeURL" : "",
    "type" : "customElement",
    "typeSettings" : [ "friendlyURLMapping=vue-todo-mvc", "instanceable=false", "urls=vue-todo-app.es.js", "useESM=true", "htmlElementName=vue-todo-mvc", "cssURLs=style.css", "portletCategoryName=category.client-extensions" ],
    "webContextPath" : "/vue"
  }
}