{
  "com.liferay.client.extension.type.configuration.CETConfiguration~svelte-todo-mvc" : {
    ":configurator:policy" : "force",
    "baseURL" : "${portalURL}/o/svelte",
    "buildTimestamp" : 1731099450367,
    "description" : "",
    "dxp.lxc.liferay.com.virtualInstanceId" : "default",
    "name" : "Svelte TODO MVC",
    "projectId" : "svelte",
    "projectName" : "svelte",
    "properties" : [ ],
    "sourceCodeURL" : "",
    "type" : "customElement",
    "typeSettings" : [ "friendlyURLMapping=svelte-todo-mvc", "instanceable=false", "urls=svelte-todo-mvc.js", "useESM=true", "htmlElementName=svelte-todo-mvc", "cssURLs=svelte-todo-mvc.css", "portletCategoryName=category.client-extensions" ],
    "webContextPath" : "/svelte"
  }
}