{
  "com.liferay.client.extension.type.configuration.CETConfiguration~jquery-todo-mvc" : {
    ":configurator:policy" : "force",
    "baseURL" : "${portalURL}/o/jquery",
    "buildTimestamp" : 1731007012808,
    "description" : "",
    "dxp.lxc.liferay.com.virtualInstanceId" : "default",
    "name" : "jQuery TODO MVC",
    "projectId" : "jquery",
    "projectName" : "jquery",
    "properties" : [ ],
    "sourceCodeURL" : "",
    "type" : "customElement",
    "typeSettings" : [ "friendlyURLMapping=jquery-todo-mvc", "instanceable=false", "urls=app.bundle.js", "useESM=true", "htmlElementName=jquery-todo-mvc", "cssURLs=app.bundle.css", "portletCategoryName=category.client-extensions" ],
    "webContextPath" : "/jquery"
  }
}