{
  "com.liferay.client.extension.type.configuration.CETConfiguration~lit-todo-mvc" : {
    ":configurator:policy" : "force",
    "baseURL" : "${portalURL}/o/lit",
    "buildTimestamp" : 1731091662639,
    "description" : "",
    "dxp.lxc.liferay.com.virtualInstanceId" : "default",
    "name" : "Lit TODO MVC",
    "projectId" : "lit",
    "projectName" : "lit",
    "properties" : [ ],
    "sourceCodeURL" : "",
    "type" : "customElement",
    "typeSettings" : [ "friendlyURLMapping=lit-todo-mvc", "instanceable=false", "urls=index.js", "useESM=true", "htmlElementName=lit-todo-mvc", "portletCategoryName=category.client-extensions" ],
    "webContextPath" : "/lit"
  }
}