{
  "com.liferay.client.extension.type.configuration.CETConfiguration~es6-todo-mvc" : {
    ":configurator:policy" : "force",
    "baseURL" : "${portalURL}/o/javascript-es6",
    "buildTimestamp" : 1731001735225,
    "description" : "",
    "dxp.lxc.liferay.com.virtualInstanceId" : "default",
    "name" : "ES6 TODO MVC",
    "projectId" : "javascriptes6",
    "projectName" : "javascript-es6",
    "properties" : [ ],
    "sourceCodeURL" : "",
    "type" : "customElement",
    "typeSettings" : [ "friendlyURLMapping=es6-todo-mvc", "instanceable=false", "urls=app.bundle.js", "useESM=true", "htmlElementName=es6-todo-mvc", "cssURLs=app.css", "portletCategoryName=category.client-extensions" ],
    "webContextPath" : "/javascript-es6"
  }
}